fullName,email
Charles Barrera,dkidd@example.org
Caleb Miller,michellesanchez@example.net
Jeremy Gallagher,vfox@example.org       
Melissa Lawrence,jfriedman@example.com  
Allison Morgan,yhall@example.com        
Linda Kramer,xguerrero@example.org      
Amanda Jones,owood@example.org
Kristy Davis,jessica43@example.com      
David Owens,markflores@example.net      
Mary Morris,watkinswilliam@example.com  
Ian Potts,barry33@example.net
Daniel Wolfe,jennifer96@example.net
Corey Mcmahon,anthonyscott@example.com
Crystal Jackson,nlewis@example.com
Gina Norton,meltonhaley@example.org
Brandi Gonzales,urose@example.org
Allison Gonzalez,gardnerrachel@example.net
Alexis Wells,john81@example.net
Kelly Powell,christopher81@example.net
Michelle Snyder,michelle80@example.net
Aaron Lambert,grantshields@example.com
Heather Rios,jeffersonandrew@example.net
Ronald Thomas,boonerachel@example.org
Joshua Johnson,mary37@example.com
Dr. Angela Hopkins,sarah43@example.org
John Woods,kleinmark@example.net
Laura Stewart,lisagutierrez@example.com
Tonya Gutierrez,seanhanson@example.org
Patricia Gross,michellejohnson@example.net
Diana Phillips,maryscott@example.org
Christopher Williams,kevinsimon@example.com
Rachel Johnson,brian97@example.org
Tammy Holt,zrichards@example.org
Benjamin Price,qtodd@example.net
Pamela Hart,mariaholmes@example.net
Sarah Simmons,vthomas@example.org
Brandon Allen,benjamin06@example.net
Eric Leon,lmora@example.org
Trevor Perez,mejiakeith@example.com
Christy Bell,anthony08@example.com
Robert Lara,cannonchristopher@example.net
Marcus Owens,tuckeramy@example.com
William Coleman,darrengreer@example.com
William Webb,adam81@example.org
Emily Brown,kreynolds@example.org
Connie Kane,fdoyle@example.com
Jessica Todd,hannah91@example.org
James Robinson,tchandler@example.com
Mary Perry,daustin@example.org
Anita Adams,julianpalmer@example.com
Patrick Mullen,jbrown@example.com
Karen Grant,jessica52@example.com
Sherry Harvey,sabrinasnow@example.org
Tyler Williams,robert46@example.org
James Palmer,charlespearson@example.com
Olivia Lin,arielevans@example.net
John Hoffman,logan66@example.net
Michael Mack,valdezbrianna@example.com
Scott Castaneda,vsanchez@example.org
Alyssa Daniels,alexis20@example.org
Alex Morales,meyerrhonda@example.net
Jason Harris,anna41@example.org
Mrs. Kristin Beltran,sarah25@example.net
Carl Lee,mclaughlinsean@example.com
Paul Walters,chavezsean@example.com
Eddie Mccullough,hebertjasmine@example.com
Larry Green,lesliehenderson@example.org
Joshua Patton,eritter@example.org
Christopher Lamb,owensadam@example.org
Andrea Foley,cowanryan@example.org
Holly Green,smithsylvia@example.net
Christopher Gillespie,bradykyle@example.net
Michael Matthews,justinwalker@example.com
Steven Doyle,anita75@example.org
Kimberly Foster,vanessa31@example.net
Christopher Brooks,rebecca43@example.org
Jerry Hood MD,rmatthews@example.net
Kerri Bautista,ddaniels@example.org
Sarah Green,tracirobinson@example.net
Christina Ross,james51@example.com
Daniel Sanchez,diane81@example.net
Roy Woods,barbaraward@example.org
Sylvia Leach,madisonmartin@example.net
Alexander Rubio,williamrodriguez@example.net
Daniel Elliott,acooper@example.com
Ricky Jackson,aaronvincent@example.com
William Vargas,hallkeith@example.org
Amanda Watson MD,keithnelson@example.com
Andrew Brown,deborah44@example.net
Suzanne Gould,escott@example.net
Brian Obrien,wattsjennifer@example.org
Caleb Abbott,michaeljenkins@example.org
Lauren Davis,leonard57@example.org
Tanya Ellis,stevenstrong@example.org
Brittany Phelps,edgarjohnson@example.com
Troy Smith,raguilar@example.org
Nicholas Arnold,jaustin@example.net
Steven Harris,janice37@example.net
Randy Martinez,matthewsimmons@example.com
Christopher Savage,dnewton@example.org
Ian Mack,johnwilliams@example.net
Susan Mills,anthonyjensen@example.com
Brittany Martinez,pricerickey@example.org
Shannon Manning DVM,brownpaula@example.net
Matthew Kennedy,dball@example.org
Sara Jones,bburke@example.org
Jessica Curtis,kbutler@example.org
Lindsey Carpenter,wilsontoni@example.net
Randall Flowers,shari00@example.org
Amy Morris,brandonthompson@example.org
James Miller,qwells@example.net
Michael Houston,lmartin@example.org
Alicia Smith,nixonashley@example.com
Cynthia Myers,haleythompson@example.org
Andrew Gardner,zoconnor@example.org
Diane Jensen,usmith@example.org
Mr. Hunter Jackson,martinmason@example.net
Sheri Aguirre,summersandre@example.net
Vanessa Thomas,katherinehuffman@example.net
Tina Mullins,dbrown@example.net
Danielle Delgado,wjohnson@example.com
Cory Pena MD,krystalgomez@example.org
Daniel Green,kurtbishop@example.com
Kaitlyn Castillo,brian23@example.net
Jerome Estrada,rmccarty@example.net
Keith Hudson,jlowe@example.org
Samantha Becker,timothy77@example.net
Daniel Good,elizabethgillespie@example.org
David Robinson,russell00@example.com
Tammy Richardson,rodriguezalex@example.net
Brittany Ramsey,clyons@example.com
Sabrina Perez,christopherfrey@example.org
Megan Combs,bryanevans@example.org
Kristen Schmidt,ywilliams@example.com
Nancy Mcintosh,stevenjohnson@example.com
Maria Velasquez,christinajones@example.com
Donna Bradley,qdillon@example.com
Alan Christensen,eugene92@example.com
Mrs. Melissa Adams,shawn05@example.org
Cynthia Scott,samuel01@example.com
Pam Barrera,reneesolis@example.net
Amy Singleton,shane74@example.org
Robert Hernandez,graycassandra@example.net
Douglas Gomez,valeriewilson@example.net
Anita Castillo,hunterkristin@example.org
Teresa Brooks,ebartlett@example.org
Carlos Hayes,dcline@example.com
Scott Dorsey,samantha19@example.com
Colleen Hampton,heather12@example.org
Andrew Aguirre,pbrown@example.org
Kathy Mejia,nicholasparks@example.com
Carmen Haney,wjones@example.com
Taylor Heath,hburke@example.net
Ronald Mathis,brookslaura@example.net
Sonia Cruz,zsullivan@example.net
Sharon Armstrong,xyoung@example.net
Candace Johnson,christopherlopez@example.org
Angela Murphy,brittanydavis@example.com
April Jefferson,josephward@example.org
Christian Melendez,dawsonalexander@example.org
Jenna Lopez,dmay@example.net
Carrie Brooks,bcampbell@example.com
Heather Long,ramirezkeith@example.com
Misty Alexander,jennifergibson@example.org
Amber Williams,jjohnson@example.net
Michael Liu,andreasolis@example.com
Connie Wilcox,edaniels@example.net
Joshua Brown,vaughnkathy@example.com
Mr. Justin Fields,vwilliams@example.org
Jonathan Johnson,robert92@example.org
Miranda Matthews,xpark@example.com
Madison Brown,fergusondebra@example.org
Madison Obrien,justin74@example.com
Cathy Mosley,jeffrey27@example.org
Nicole Estrada,alyssaphillips@example.com
Allison Swanson,kevin89@example.com
Kevin Clements,holly55@example.org
Erika Hernandez,moorematthew@example.com
Justin George,clarkheather@example.com
Ryan Smith,kimberly25@example.net
Mary Frost,greerkathryn@example.com
Elizabeth Sanchez,douglasduncan@example.net
Mr. Donald Smith,william56@example.net
David Clark,dpatterson@example.org
Amber Figueroa,dbell@example.org
Stephen Rush,pramirez@example.net
Travis Wagner,hstuart@example.net
Marc Berry,phillip66@example.net
Rachel Patterson,adam72@example.net
Melissa Stewart,sscott@example.com
Bruce Kemp,larryperez@example.com
Janet Todd,thomasroger@example.net
Alyssa House,ecarrillo@example.com
Mario Hart,michelleholloway@example.org
Sabrina Thompson,griffinjoanna@example.com
Jennifer Alvarez,jenniferhuffman@example.net
Susan Harris,arthurlewis@example.net
Katelyn Taylor,anthony45@example.org
Courtney Schwartz,matthewbarrett@example.net
Erin Guzman,angelahood@example.com
Anthony Brown,kpark@example.net
David Thomas,joshua76@example.net
David Duffy,bgriffin@example.com
Lisa Bridges DDS,usmith@example.net
Juan Wells,nunezbarbara@example.com
John Mcintyre,smason@example.org
Brooke Atkins,catherine98@example.com
Thomas Meadows,hansonjonathan@example.org
Michael Vazquez,ejackson@example.org
Bradley Harrison,pattersonrobin@example.org
Zachary Sloan,markcopeland@example.org
Mr. Jared Davis,mooresarah@example.com
Phillip Sanchez,tshaffer@example.com
Marissa Goodwin,stacey98@example.org
Tammy Allen,tyrone45@example.com
David Clay,marcorasmussen@example.com
Eric Duran,cliffordmatthews@example.org
Philip Booth,cpotter@example.com
Mark Thomas,carl33@example.com
Dana Ochoa,smithkatherine@example.net
Stephanie Ward,vincent56@example.org
Rachael Bennett,sharon41@example.com
David Lane,timothy74@example.net
Jennifer Fisher,juan49@example.net
Martha Hopkins,andres70@example.com
William Gross,vfuentes@example.org
Cassidy Brown,greenphillip@example.org
Charles Chandler,tara33@example.org
Karen Dillon,bwhite@example.com
William Lee,dbowman@example.net
Keith Gillespie,ellisjoseph@example.org
Tommy Fletcher,jamessantos@example.com
Timothy Lewis,coxlinda@example.org
Catherine Scott,ebrown@example.com
Anna Crawford,brian47@example.net
Mallory Oneal,jmontgomery@example.net
Samantha Wilson,robinsontimothy@example.com
Audrey Chang,weeksthomas@example.org
Christopher Elliott,lauralewis@example.net
David Henderson,kayla70@example.net
Jeffrey Novak,gshaw@example.org
Sheila Howard,jose37@example.net
Andrew Munoz,andersonjulie@example.org
Heather Patterson,jstuart@example.net
Jared Webster,jonesjennifer@example.com
Mario Lee,tylerjill@example.org
Katrina Alvarez DDS,leescott@example.com
Edward White,schmidtpatrick@example.com
Valerie Baldwin,grimesbobby@example.com
Michael Greer,chenmichael@example.com
Richard Castro,emily46@example.net
Amber Hernandez,kimberlybush@example.org
Tiffany Boyd,hgordon@example.net
Nicholas Martin,ecrawford@example.net
Lisa Boyd,bpitts@example.com
James Merritt,michealreyes@example.org
Daniel Brown,joshua97@example.org
Misty English,valeriearmstrong@example.org
Mercedes Morris,ucurry@example.org
Kristin Smith,vvelasquez@example.org
Tyrone Wolfe,ycruz@example.net
Chad Boyle,martinchristopher@example.com
Rodney Baker,christinegonzalez@example.org
Scott Schneider,acox@example.org
Robert Mccarthy,jamesbrown@example.org
Brittany Larson,anthony14@example.org
Samantha Kennedy,kenneth38@example.org
Robert Turner,doughertyluke@example.com
Michael Anderson,andersonmelissa@example.com
Thomas Young,anthony82@example.net
April Braun,dale75@example.net
Kimberly Clements,sandra04@example.net
Michelle Chen,tyler66@example.org
Terri Hughes,lambertshannon@example.net
Vincent Wallace,laura62@example.com
Diana Richardson,joshuareed@example.org
Carrie Washington,wolfashley@example.com
Michael Middleton,taylorsharon@example.net
Joseph Burke,nicole73@example.com
Timothy Travis,fduncan@example.net
Katherine Dean,jose96@example.net
Danny Walsh,grahammario@example.com
Tammy May,kaylamccoy@example.org
Julie Moses MD,weaverjennifer@example.org
Katherine Lane,hallrodney@example.com
Melissa Ballard,arthur75@example.org
Bradley Scott,williamsjesus@example.net
Nicholas Douglas,katrinacollins@example.org
Alicia Adams,nicole13@example.com
Dennis Baxter,beckerjerry@example.com
Craig Bray,juan70@example.org
Jeremy Morgan,efry@example.org
Heather Whitaker,ncarpenter@example.net
Steven Burton,theresa32@example.org
Elizabeth Gutierrez,eestrada@example.org
Brittany Hatfield,qdouglas@example.net
William Roberts,donnaenglish@example.com
Anna Mccarthy,milesjared@example.org
Patrick Butler,rebecca44@example.com
Keith Cole,qcarter@example.net
Lisa Lee,hurstsusan@example.net
Eric Archer,lauren68@example.org
Terry Day,prandall@example.org
Danielle Roberson,randallmeyer@example.org
Rachel Johnson,cordovapaul@example.com
Kevin Moore,fgray@example.net
Erin Jordan,anthonybailey@example.net
Justin Green,samanthawilliams@example.com
Olivia Parker MD,ferrellbenjamin@example.org
Kimberly Chavez MD,eholland@example.com
Vincent Rich,hayeskristi@example.net
Michael Thompson,vshelton@example.net
Kevin Anderson,helen92@example.net
Jason Hobbs,wthompson@example.com
Melanie Powell,derrick13@example.net
Paige Aguilar,jesus06@example.net
Robin Parker MD,joe05@example.com
Melissa Williams,michaelmiller@example.net
Tina Silva,smithmadison@example.net
Shelley Delgado,ugray@example.com
Brent Clark,brittany12@example.net
Miguel Lopez,jason89@example.net
Travis Clayton,krista00@example.net
Jeffrey Delacruz,rebeccastewart@example.org
Kenneth James,joshua47@example.org
Bryan Avery,darrellross@example.org
Sarah Montoya,lindseyjustin@example.net
Carolyn Perry,qbates@example.net
Vincent Steele,walkersteven@example.org
Dr. Tracy Kelley,smorris@example.com
William Ray,cindyharper@example.net
Theresa Hill,dmiller@example.net
Joel Rodriguez,qnunez@example.com
Jacqueline Richards,wkramer@example.org
Jose Cunningham,ricejohn@example.net
Evan Patterson,williamsjacqueline@example.net
Christopher Daniels,sararobinson@example.org
Melissa Miller,kperry@example.net
John Mccann,ellisonlindsay@example.net
Ashley Curtis,ucunningham@example.com
Patricia Berry,jennifer06@example.com
Makayla Hall,ywright@example.com
Robert Barrett,christina87@example.net
Jeanette Fletcher,aterry@example.com
Kevin Bryant,fullermichael@example.com
Michael Carter,arthurmiller@example.net
Steven Moon,fergusonjessica@example.net
Andrew Martinez,caitlin99@example.org
Isabel Peterson,matthewcampbell@example.com
Brandon Byrd,millerjuan@example.org
Bruce Hudson,ebenson@example.net
Jessica Brown,billyhoffman@example.org
Jennifer Alvarez,csherman@example.org
Karen Stevens,idavenport@example.com
Laura Brown,ortizrichard@example.com
Samantha Lewis,shawnkeller@example.com
Jennifer Rodgers,dylancurry@example.com
Mark Foley,sandersandrew@example.net
Chad Rivers,nicole53@example.org
Heidi Smith,pgrant@example.com
Jennifer Harper,cbenitez@example.org
Anthony Hayes,qcole@example.net
James Doyle,johnstonjohn@example.com
Stephanie Ali,myersjessica@example.com
Richard Munoz,burnsdavid@example.org
Mark Morris,christopher45@example.org
Rachel Walsh,pierceamber@example.net
Leslie Baker,janice95@example.com
Gary Vance,harrislaura@example.org
Jacob Hunt,katelyn22@example.org
Michelle Williams,marshkimberly@example.com
Katherine Barton,danielgriffin@example.com
Melissa Chavez,schmittchristopher@example.com
Alan Cordova,jenniferrobinson@example.net
Ryan Henderson,renee22@example.net
David Chang,matthewdickson@example.org
Barbara Stevens,hintonkara@example.org
Mary Vaughan,jennifer11@example.org
David Luna,fguerra@example.net
Kelly Roman MD,mooremary@example.org
Ricky Hernandez,wilsonjohn@example.org
Miss Kimberly Knapp,brandon51@example.com
Amanda Davis,sarah68@example.net
Andrea Meyer,tonyabell@example.com
Emma White,jillianchapman@example.org
Sarah Greene,anthonymathis@example.org
Christina Hatfield,maria18@example.org
Paul Reynolds,wilsonrebecca@example.org
Hannah Lucas,xayala@example.com
Jared Lambert DDS,tcox@example.net
Richard Coleman,kirstenpatel@example.org
Jesse Evans,pacevedo@example.org
Lynn Foster,murrayrachel@example.net
Ashley Andrews,joshua47@example.com
Jamie Hamilton,nward@example.net
Michael Johnson,brittanyherrera@example.org
Bernard Collins,michael96@example.org
Robert Carson,oyoung@example.net
Lori Roberts,leantonio@example.com
Jason Robinson,kscott@example.com
Darius Dickerson,smendez@example.com
Amanda Zamora,ksaunders@example.net
Jennifer Kennedy,liudawn@example.org
Randy Anderson,raymond95@example.net
Shelby Barker,robincampbell@example.com
Angela Miller MD,ukeller@example.net
Tammy Shaw,aboyd@example.org
Ashley Baird,greensharon@example.com
Robert Gibson,swhite@example.net
William Gomez,jamesturner@example.net
Stacey Owens,robertwest@example.net
Francisco Smith,anna57@example.net
Jessica Diaz,kevintorres@example.com
Tammy Guerrero,fnorton@example.net
Aaron Mcdonald,skinnerdiane@example.org
Kyle Smith,daniel91@example.org
Sheila Edwards,jamespatel@example.org
Victor Swanson,jessicasanchez@example.com
Brian Wilcox,kimberlytorres@example.net
Douglas Rivas,josephmoran@example.org
Alexis Barber,millerdiana@example.org
Alexander Snyder,johnny34@example.net
Daniel Cruz,bweaver@example.org
Wayne Webb,michael72@example.com
Darius Gonzalez,jpetersen@example.net
Christina Moss,wchang@example.org
Amy Mclean,browndylan@example.org
Paul Cobb,megan43@example.org
Garrett Fitzgerald,nmorales@example.net
Sonia Fernandez,scottlowery@example.org
Stephanie Miller PhD,hdavis@example.org
Donna Hoover,joseramirez@example.com
Elizabeth Silva,ralvarado@example.com
Sergio Larson,lmullins@example.net
Jennifer Peterson,ujimenez@example.org
Mark Taylor,kevin13@example.net
John May,arnoldtravis@example.net
William Sanchez,jennifer59@example.org
Brian Williamson,donnajohnson@example.org
Jeffery Hartman,daniel74@example.com
Adrian Mccoy,millerchad@example.net
Henry Yang,rhoward@example.org
Hannah Combs,johncoleman@example.com
Todd Davis,johnsonsean@example.org
Michael Norris,lchen@example.org
Dawn Williams,darrenpatterson@example.net
Andrew Reese,geoffrey71@example.com
Kevin King,lmartin@example.com
Jennifer Lewis,monica29@example.net
Theresa Stout,jonathan82@example.net
Bobby Thompson,christinewolfe@example.net
John Johnson,steven20@example.org
Adrian Gregory,christy60@example.net
Brian Marks,nmoore@example.org
Erica Poole,oliverrandy@example.org
Elizabeth Powell,joneskaren@example.org
Stephanie Dean,thompsonjames@example.net
Tracy Carney,rmorris@example.net
Nicholas Nelson,flyons@example.org
Terri Brennan,fmorton@example.net
Julie Velasquez,grimeselizabeth@example.com
Michael Brown,patricia61@example.net
Roger Summers MD,amynguyen@example.org
Katie Miller,howard34@example.com
Stephen Hardy,martinezsarah@example.org
Adam Weiss,wbates@example.org
Patrick Jackson,yortega@example.net
Lisa Harvey,nicole21@example.com
Melissa Adams,dnash@example.net
Gary Hayes,joshua66@example.org
Debra Benjamin,lindsay26@example.com
Jennifer Lopez,maureencarpenter@example.org
Mark Mason,jeffrey17@example.org
Sarah Walls MD,carlosstone@example.net
Brenda Barrett,allenmary@example.com
Zoe Rivera,torresjaclyn@example.com
Michelle Robinson,xallen@example.org
Sophia Jackson,rsnyder@example.org
Kim Bishop,dawn80@example.com
Craig Morrison,qpham@example.com
Chelsea Sosa,granthansen@example.com
Joshua Thompson,ymayer@example.org
Thomas Decker,wendyrussell@example.com
Mrs. Emily Jordan MD,ianderson@example.com
Colleen Hart,teresaharris@example.org
David Ware,hickskelly@example.net
James Oneal,hernandezjohn@example.com
Jodi Hood,elizabethcampos@example.com
Janice Wright,campospatricia@example.com
Mr. John Morales MD,nancyprice@example.org
Susan Khan,trivera@example.org
Wayne Elliott,crystal48@example.net
Tina Stewart,maria24@example.net
Mark Black,wilsonjonathan@example.org
Charles Marshall DDS,charles77@example.com
Daniel Bradley,mendezsarah@example.com
Kim Randolph,kayla43@example.com
Tanya Howard,donna66@example.net
James Pugh,jgates@example.org
Phillip Moran,angelalee@example.net
Hunter Phillips,rwilliams@example.org
Chad Mendez,gabrieljackson@example.net
Robert Smith,steven07@example.com
Gregory Turner,kwilliams@example.com
Steven Allen,douglaspham@example.net
Sarah Campos,wgarcia@example.com
Nathan Arnold,dennisjimenez@example.com
Jaime Anderson,melissa44@example.com
Tamara Williams,yolandawhite@example.net
Christopher Graham,michaellewis@example.org
Diana Smith,shirley66@example.org
Kathy Chung,barbara97@example.org
Raymond Hamilton,adam64@example.net
Kristen Johnson,kevin53@example.com
Amy Martinez,kenneth40@example.net
Christina Waller,ureynolds@example.org
Grace Blackwell,tshelton@example.org
Amber Davis,latasha10@example.org
Daniel Thomas,sharongonzalez@example.com
Matthew Ali,rcarter@example.com
James Johnson,hhess@example.org
Kathleen Butler,turnerjeffery@example.net
Robert Morris,fernandezkelly@example.com
Dr. John Perez,anita08@example.net
Michael Jordan,sloanstacy@example.net
Natasha Hanna,mitchellsmith@example.net
Evan Miller,jonrobles@example.org
Erica Arnold,amy66@example.org
Daniel Lane,gonzalezmatthew@example.net
Joseph Henderson,ibates@example.org
Duane Arnold,cameronking@example.net
Paula Vincent,heatherblake@example.org
Sonya Moore,arnoldanthony@example.net
Rachel Allen,crichardson@example.net
Kayla Rojas,gabrielhood@example.com
Vanessa Torres,coffeygrant@example.com
Christopher Rodriguez,vmyers@example.net
George Smith,joshua12@example.org
Linda Steele,sarahmora@example.net
Brandy Berry,michelleortega@example.net
Megan Griffin,amberodonnell@example.net
Michael Dixon,amysmith@example.net
Penny Rogers,tgarcia@example.com
Jonathan Hill,dlynn@example.net
Tyler Castro,shelleycastillo@example.net
Tiffany Parker,wrollins@example.org
Jodi Wilson,frankheather@example.org
Peter Green,lynn25@example.org
Laura Smith,samanthamadden@example.com
Henry Mcpherson,rodriguezscott@example.org
Kevin Grant,jennifer46@example.org
Christopher Rose,lisarah@example.org
Michelle White,mary79@example.org
Bridget Robinson,wiseashley@example.com
Joshua Bell,morgancharles@example.org
Dr. James Gonzalez DDS,lynnedwards@example.org
Miguel Smith,rburns@example.org
John Duran,ngriffin@example.org
Zachary Gardner,richard79@example.net
Monica Noble,karmstrong@example.net
Daniel Welch,ithompson@example.net
Albert Little,craigsullivan@example.net
Henry Lewis,juliawilliams@example.com
Brandon Santos,mark50@example.net
Mary Johnson,tonysandoval@example.net
Brooke Smith,lindsaymurray@example.com
John Evans,melissahayes@example.com
Dylan Brooks,matthewayala@example.net
Kristen Williams,carmen96@example.org
Brian Villarreal,raymondturner@example.net
Jennifer Barnes,chambersmichael@example.com
Rebecca Mueller,sroth@example.net
Paul Lynch,vtaylor@example.org
Tanya Miller,andreagarcia@example.net
Kevin Lara,emendoza@example.org
Alice Gordon,charris@example.net
Paul Gates,bellcarl@example.net
Nathaniel Smith,lambertwilliam@example.net
Garrett Herring,ruizrebecca@example.net
Melissa Arnold,wrightcandace@example.org
Alexandra Moon,sarah14@example.org
Laura Nelson,leekevin@example.org
Melissa Klein,djohnson@example.org
Anne Alvarado,perryashley@example.com
James Rocha,jeremypena@example.com
Brian Arroyo,clarkehenry@example.com
Tabitha Turner,amycuevas@example.com
Danielle Bradley,marcuscasey@example.net
Christopher Carroll,campbelldavid@example.org
Mark Ryan,fortiz@example.com
Christopher Avila,austinamy@example.net
Michael Austin,debrajenkins@example.org
Nicholas Valenzuela,michaelrichards@example.com
Sally Rasmussen,cgoodman@example.com
Victoria Vargas,phillipslisa@example.net
Tracy Perkins,elizabethsandoval@example.org
Christine Sanchez,richardbrooks@example.org
Donald Diaz,maryblankenship@example.com
James Hansen,nicolegomez@example.net
Ashley Townsend,raymondbass@example.com
Joshua Mcknight,dillonreyes@example.net
Jacqueline Davis,jack04@example.net
Thomas Frederick,fduran@example.com
Christopher Reeves,brenda34@example.com
Bryan Frazier,rnelson@example.org
Mr. Cameron Terry Jr.,brittney81@example.com
Tami Yates,stokesjames@example.org
Courtney Kim,bowenlindsay@example.com
Scott Snyder,rvazquez@example.org
Christine Daugherty,ryan29@example.org
Brandon Miller,ramosjavier@example.org
John Jones,loweerica@example.com
Kristi Jackson,rogersdavid@example.com
Jennifer Lopez,shaynes@example.org
Diane Smith,carlosmeadows@example.net
Shaun Parker,reynoldsjason@example.com
Brandy Rice,jason49@example.com
Christine Roberts MD,sparker@example.com
Heather Wilson,dcarter@example.com
Jennifer Wood,lluna@example.com
Mr. Aaron Baker,vangkevin@example.net
Fernando Williams,nancy32@example.com
James Landry,stacy76@example.net
Robert Henderson,jenniferwatson@example.com
Tammy White,williamsmark@example.com
Christopher Phillips,ghall@example.net
Melissa Fernandez,rkelly@example.net
Christopher Johnston,kristin08@example.org
Jacqueline Roth,ismith@example.net
Laurie Patterson,hawkinsbetty@example.com
Kathleen Harris,glenn25@example.org
Mary Thomas,laura18@example.net
Sean Daniels,joelhodges@example.com
Sheri Fletcher,waynemorales@example.net
Steven Richardson,ryan49@example.org
Pamela Thompson,carol31@example.net
Jill Davis,michael29@example.com
Jonathan Knight,barrjane@example.org
Natasha Klein,jessica26@example.net
Bailey Peters,kim86@example.com
Richard Brown,madison89@example.net
John Stevens,leslietownsend@example.net
Lisa Christensen,acruz@example.net
Antonio Yang,kstevens@example.com
Tim Yu,abigailflynn@example.org
Daniel Mendoza,floreskayla@example.net
Wendy Young,hsanchez@example.net
Alison Holloway,susan65@example.net
Savannah Rose,bhoffman@example.com
Jennifer Barnes,ipugh@example.com
Christopher Miller,masonlindsay@example.com
Albert Anderson,nbrown@example.org
Francisco Burton,scottbrown@example.com
Emily Lopez,andrewerickson@example.net
Bradley Nash,peter91@example.com
Ricardo Morton,abrooks@example.org
William Spencer,jodi95@example.org
Gina Gordon,tom27@example.org
Matthew Day,hunterbrandon@example.net
Timothy Moore,rowlandcharles@example.net
Leon Mathews,melissabuchanan@example.net
Sharon Martin,amy54@example.org
Nicole Barnes,ronaldle@example.com
Heather Snow,emmagregory@example.com
Dr. Andrew Thomas,poncekatie@example.com
Hector Glover,kdavis@example.org
David Rogers,zanderson@example.com
Curtis Smith,jamesmeyers@example.com
Katherine Coleman,christinamejia@example.net
Kathryn Flynn,shawn31@example.com
Deborah Allen,gentrystacy@example.org
Nicole Foster,sanchezjuan@example.net
Miranda Arnold,kperez@example.net
Kristen Barber,rnelson@example.com
Jason Brown,michaelhayes@example.com
James Jones,pmiller@example.net
Dr. Jennifer Turner,josewalker@example.org
Vanessa Davis,richardsoncynthia@example.org
Meredith Fernandez,bmorales@example.net
Laura Rodriguez,christopherconrad@example.com
Barbara Moon,harveycathy@example.net
Scott Perry,foxcindy@example.com
Megan Collier,ronald40@example.com
Scott Lewis,rachel11@example.net
William Andrews,gcruz@example.com
Laura Solis,jacqueline88@example.com
Matthew Chapman,patricialawson@example.net
Jamie Davis,bellis@example.net
Amber Fuller,xthompson@example.net
Eric Mckay,thomasmarcus@example.org
Devin Ross,peggy30@example.com
Rebecca Harvey,eguzman@example.org
Cody Fowler,aaron53@example.com
Juan Price,sara95@example.org
Sandra Sellers,nicholasharrell@example.org
Emily George,leedennis@example.com
Elizabeth Tate,dudleykevin@example.net
Kristen Velasquez,katherinewright@example.org
Katrina Davis,dariuspeterson@example.net
Rodney Rollins,jackie05@example.com
Jacob Smith,fchambers@example.com
Madison Fry,nhawkins@example.net
Edgar Glenn,downssamantha@example.org
Angela Austin,zpierce@example.com
Edward Torres,privera@example.com
Lisa Alvarado,jessenoble@example.com
Danielle Hall,jmiller@example.org
William Garcia,pfriedman@example.net
Mark York,nicholas39@example.com
Misty Ellison,brownellen@example.org
Mariah Bell,garymartinez@example.com
Anthony Perry,frederick49@example.net
David Hall,osbornzachary@example.com
Michael Tyler,andersonshannon@example.org
Amanda Carr,jeremiahjones@example.org
Emma White,jerrykhan@example.com
Jill Lowe,clarkaudrey@example.com
Andrew Castillo,staceybailey@example.com
Matthew Cross,melissaburnett@example.net
Stephen Henson,manuelbenitez@example.net
Kelly Lloyd,grosario@example.com
Shawn Jones,christianharrison@example.org
Jacob Nelson,johnhuff@example.net
Ryan Jenkins,grayapril@example.net
Kenneth Underwood,williamsonemily@example.net
Jessica Williams,amyosborne@example.org
Brenda Hill,ahenry@example.org
John Herrera,waynehuang@example.net
Christopher Cole,strongmelanie@example.net
Antonio Young,brucegeorge@example.net
Susan Davenport,dawn04@example.net
James Webb,rschmitt@example.com
Melissa Olsen,barbarale@example.com
Stacey Carpenter,gregory29@example.org
Andrew Fitzgerald,perezgarrett@example.com
Ryan Henderson,djones@example.org
Vanessa Peterson,allenevan@example.net
Alexander Clay,jason51@example.com
Donald Hancock,johnsonkevin@example.org
Frederick Noble,brownsusan@example.org
Donna Daniel,qbradley@example.net
Andrew Ruiz,fhowell@example.net
Danielle Brown,mariawatson@example.com
Tony Lopez,melissa37@example.net
Jonathan Russell,ismith@example.net
Kirk Duarte,xtaylor@example.com
Chloe Trujillo,williamsglenn@example.com
Monica Morris,bbryan@example.org
Joseph Johnson,joseph73@example.com
Susan Anthony,ellisonryan@example.net
Ryan Davis Jr.,wigginscharles@example.net
Steven Brown,alexanderpatrick@example.org
Robert Smith,rchang@example.org
Ryan Price,cramirez@example.com
Rachel Turner,thomas36@example.org
Jason Mcdonald,underwoodjohn@example.net
Amanda Weber,christopher64@example.com
James Johnson,kimberly61@example.net
John Neal,sfernandez@example.com
Michael Bowen,daniel68@example.net
Taylor Bowman,iwilson@example.org
Jessica Cook,xalvarez@example.com
Jeffrey Garza,tnixon@example.com
Tyler Evans,vjohnson@example.net
Daniel Stark,james88@example.org
Dr. Jessica Stewart,lkennedy@example.org
Michelle Bird,smithdave@example.net
Sarah Kennedy,huberjessica@example.org
Justin West,angelaparsons@example.net
Michael Chambers,uwilson@example.org
Charles Acevedo,mariebauer@example.net
Melissa Harmon,ysutton@example.net
Michael Cooley,kgreen@example.com
Matthew Frazier,fergusondaniel@example.net
Danny Glass,jasmine30@example.com
Cheryl Marquez,matthew53@example.net
Pamela Robinson,brucejohnson@example.net
Dustin Rasmussen,lponce@example.org
Brett Bishop,pgarcia@example.net
Luis Smith,xsmith@example.net
Amy Barnes,uwalls@example.org
Danielle Mcknight,summer20@example.com
Vincent Hernandez,allenrandall@example.com
Bobby Rogers,tara21@example.org
Joseph Parker,robert37@example.com
Melissa Freeman,greenemary@example.org
Timothy White,penningtonann@example.com
Laura Johnson,john59@example.org
Bobby Bailey,ambercurtis@example.com
Cindy Delgado,toddnathaniel@example.org
Stephanie Scott,jo67@example.org
Derek Gibbs,jacob35@example.org
Ashley Blake MD,charlesweaver@example.com
Theresa Sanders,brandon63@example.com
Sarah Stevenson,julie91@example.com
Charles Caldwell,holderrebecca@example.com
Victor Warren,ysmith@example.com
Tyler Brown,taylor40@example.org
Noah Rich,amandanorris@example.net
Gary Burgess,henryacosta@example.com
Rebecca Meyer,richardrandolph@example.com
Tyler Gould,michael14@example.net
Stefanie Peterson,luke75@example.net
Samantha Luna MD,allisonmark@example.net
Stacey Johnson,gbecker@example.net
Michelle Trujillo,leedavis@example.org
Leah Harmon,ortizandrew@example.org
Cynthia Shah,kbrowning@example.net
David Nelson,briggsrichard@example.net
Sherry Newman,daniel05@example.com
Paula Patel,yfoley@example.com
Samantha Payne,larrysmith@example.com
Lisa Wise,khammond@example.org
Paul Flores,kaylee88@example.net
Nicole Robinson,clarenceboyd@example.com
Taylor Good,kristen24@example.net
Dave Pittman,hpeterson@example.net
Angela Reed,umay@example.net
Nicholas Burton,aandrews@example.net
Christina Lee,theresa35@example.com
Robert Black,olivia30@example.org
Tiffany Gilbert,christinarodriguez@example.com
Elizabeth Decker,aguirrecassandra@example.org
Jared Daniel,tiffany23@example.com
Theresa Williams,smithdeborah@example.org
Stephen Miller,xmiller@example.net
Ashley Chandler,stuart68@example.org
Amanda Calderon,brownamy@example.org
Susan Henderson,medinadavid@example.net
Frank Luna,mterry@example.org
Pamela Phillips,larrydominguez@example.com
Richard Myers,rklein@example.org
Heidi Baker,svargas@example.com
Suzanne Gomez,qsmith@example.net
James Campbell,lindsey48@example.org
Matthew Mccann MD,bellchristopher@example.com
Kyle Casey,ramoskathryn@example.org
Mary Brewer,donald50@example.com
Stephen Rios,donmartinez@example.net
Cassandra Maxwell,charlesharrison@example.org
Jeffrey Weaver,nbutler@example.net
Ryan Knight,randypope@example.org
Michelle Douglas,timothy71@example.net
Patrick Wise,wheelerchad@example.net
Darren Thomas,jonathanmckinney@example.net
Sean Perry,pattonjason@example.org
Franklin Taylor,oryan@example.org
Nathan Parsons,ivanrhodes@example.net
Kenneth Gomez,olynch@example.net
Katherine Hill,clarktimothy@example.com
Tyler Weaver,smitheric@example.com
Kaitlyn Jones,jacob18@example.com
Becky Holmes,yreed@example.org
Caitlin Howard,bsims@example.org
Danielle Stewart,ztorres@example.com
Robert Bennett,kevin16@example.org
Gloria Payne,nicholas59@example.net
Alyssa Heath,coxmelanie@example.net
Robert Thomas,jgonzalez@example.com
Antonio Brown,hochoa@example.net
Autumn Olson,allison16@example.org
Thomas Leblanc,larsonfrank@example.net
Ashley Warren,james46@example.net
Joseph Allen,bauerandrew@example.com
Dr. Alicia Rodriguez,parkdanielle@example.com
Ernest Armstrong,mullinsrebecca@example.com
Vernon Jones,gomezjanice@example.org
Steven Hunt,sarahjohnson@example.net
Todd Matthews,rcohen@example.com
Donald Moran,kathleencoffey@example.com
James Reed,yflynn@example.com
Sandra Bowers,jennifergilbert@example.net
Michael Williams,thomasblake@example.net
Susan Hale,theresa58@example.net
Phillip Gonzalez,haledavid@example.org
Cassandra Edwards,kempbrenda@example.org
Christina Jones,wcooper@example.com
Christopher Buchanan,jyoung@example.org
Pamela Parker,johnsonmichael@example.com
Allison Mcdonald,barbara15@example.org
Michael Page DDS,wanderson@example.com
Rachel Oconnell,kristen31@example.net
Shelly Casey,danielhogan@example.net
Grace Graham,michelle27@example.net
Melissa Thomas,wdouglas@example.com
Jason Webster,jroberts@example.com
Mr. Lucas Jones,lisageorge@example.net
Nicholas Flores,amber84@example.com
Julie Young,danalove@example.org
Mr. Brian Patton,lopezdaniel@example.net
Sarah Mcmahon,madams@example.com
James Melendez,kimanderson@example.org
Mrs. Tina Rodriguez MD,jenniferwhitaker@example.com
Wendy Smith,karacontreras@example.com
Justin Bailey,brooksjason@example.com
Andrew Moore,caseyamy@example.net
Linda Abbott PhD,garyhernandez@example.org
William Mcconnell,robertoglass@example.org
Kristin Long,wrightashley@example.com
Bryan Ferguson,rachael29@example.com